source,year,heroic_total,nuisance_total,culinary_total,sport_total,hunting_total,mean_net_tone,n_articles,heroic_rate,nuisance_rate,culinary_rate,sport_rate,hunting_rate,signed_tone_rate,total_loaded,positivity_ratio
ChroniclingAmerica,1880,1.875,0.0,0.0,4.0,12.625,0.008333333333333333,240,0.0078125,0.0,0.0,0.016666666666666666,0.05260416666666667,0.0078125,1.875,1.0
ChroniclingAmerica,1881,0.9375,0.0,0.9375,1.0,1.9375,0.004166666666666667,240,0.00390625,0.0,0.00390625,0.004166666666666667,0.008072916666666667,0.00390625,0.9375,1.0
ChroniclingAmerica,1882,0.0,2.625,0.0,1.5,3.75,-0.0125,240,0.0,0.0109375,0.0,0.00625,0.015625,-0.0109375,2.625,0.0
ChroniclingAmerica,1883,1.9375,0.0,2.5625,2.125,2.8125,0.0125,240,0.008072916666666667,0.0,0.010677083333333334,0.008854166666666666,0.01171875,0.008072916666666667,1.9375,1.0
ChroniclingAmerica,1884,5.125,0.0,0.0,1.1875,3.3125,0.008333333333333333,240,0.021354166666666667,0.0,0.0,0.0049479166666666664,0.013802083333333333,0.021354166666666667,5.125,1.0
ChroniclingAmerica,1885,8.1875,0.0,0.0,3.3125,3.75,0.008333333333333333,240,0.03411458333333333,0.0,0.0,0.013802083333333333,0.015625,0.03411458333333333,8.1875,1.0
ChroniclingAmerica,1886,12.25,3.625,0.0,9.6875,0.0,0.029166666666666667,240,0.051041666666666666,0.015104166666666667,0.0,0.040364583333333336,0.0,0.0359375,15.875,0.7716535433070866
ChroniclingAmerica,1887,3.0,0.9375,2.6875,2.125,7.75,0.008333333333333333,240,0.0125,0.00390625,0.011197916666666667,0.008854166666666666,0.03229166666666667,0.00859375,3.9375,0.7619047619047619
ChroniclingAmerica,1888,4.6875,0.375,4.1875,1.375,9.125,0.004166666666666667,240,0.01953125,0.0015625,0.017447916666666667,0.005729166666666666,0.03802083333333333,0.01796875,5.0625,0.9259259259259259
ChroniclingAmerica,1889,19.75,1.25,0.0,4.625,6.125,0.029166666666666667,240,0.08229166666666667,0.005208333333333333,0.0,0.019270833333333334,0.025520833333333333,0.07708333333333334,21.0,0.9404761904761905
ChroniclingAmerica,1890,11.6875,0.0,0.0,6.5625,10.375,0.025,240,0.04869791666666667,0.0,0.0,0.02734375,0.043229166666666666,0.04869791666666667,11.6875,1.0
ChroniclingAmerica,1891,15.0625,1.875,10.0,14.3125,3.5625,0.05,240,0.06276041666666667,0.0078125,0.041666666666666664,0.05963541666666667,0.01484375,0.054947916666666666,16.9375,0.8892988929889298
ChroniclingAmerica,1892,6.5625,1.9375,17.875,7.0,5.1875,0.016666666666666666,240,0.02734375,0.008072916666666667,0.07447916666666667,0.029166666666666667,0.021614583333333333,0.019270833333333334,8.5,0.7720588235294118
ChroniclingAmerica,1893,17.5625,4.25,4.8125,11.3125,4.125,0.03333333333333333,240,0.07317708333333334,0.017708333333333333,0.020052083333333335,0.047135416666666666,0.0171875,0.055468750000000004,21.8125,0.8051575931232091
ChroniclingAmerica,1894,21.75,0.8125,3.5,3.8125,8.3125,0.029166666666666667,240,0.090625,0.0033854166666666668,0.014583333333333334,0.015885416666666666,0.03463541666666667,0.08723958333333333,22.5625,0.96398891966759
ChroniclingAmerica,1895,20.625,1.0,9.0625,22.75,7.375,0.04583333333333333,240,0.0859375,0.004166666666666667,0.037760416666666664,0.09479166666666666,0.030729166666666665,0.08177083333333333,21.625,0.953757225433526
ChroniclingAmerica,1896,13.9375,0.0,1.375,23.9375,2.125,0.0375,240,0.05807291666666667,0.0,0.005729166666666666,0.09973958333333334,0.008854166666666666,0.05807291666666667,13.9375,1.0
ChroniclingAmerica,1897,33.125,3.0,5.0625,19.875,4.3125,0.058333333333333334,240,0.13802083333333334,0.0125,0.02109375,0.0828125,0.01796875,0.12552083333333333,36.125,0.916955017301038
ChroniclingAmerica,1898,71.3125,0.5,1.5625,19.0625,12.6875,0.07916666666666666,240,0.29713541666666665,0.0020833333333333333,0.006510416666666667,0.07942708333333333,0.05286458333333333,0.2950520833333333,71.8125,0.9930374238468234
ChroniclingAmerica,1899,22.0625,0.0,1.125,10.4375,11.125,0.0375,240,0.09192708333333334,0.0,0.0046875,0.04348958333333333,0.04635416666666667,0.09192708333333334,22.0625,1.0
ChroniclingAmerica,1900,19.0,2.75,2.625,10.125,7.25,0.008333333333333333,240,0.07916666666666666,0.011458333333333333,0.0109375,0.0421875,0.030208333333333334,0.06770833333333333,21.75,0.8735632183908046
ChroniclingAmerica,1901,16.8125,2.25,5.375,16.125,1.25,0.029166666666666667,240,0.07005208333333333,0.009375,0.022395833333333334,0.0671875,0.005208333333333333,0.06067708333333333,19.0625,0.8819672131147541
ChroniclingAmerica,1902,2.125,0.0,0.9375,10.75,5.6875,0.008333333333333333,240,0.008854166666666666,0.0,0.00390625,0.04479166666666667,0.023697916666666666,0.008854166666666666,2.125,1.0
ChroniclingAmerica,1903,12.0,5.0625,2.0625,14.0625,3.8125,0.004166666666666667,240,0.05,0.02109375,0.00859375,0.05859375,0.015885416666666666,0.02890625,17.0625,0.7032967032967034
ChroniclingAmerica,1904,15.5,2.125,8.75,11.625,3.4375,0.03333333333333333,240,0.06458333333333334,0.008854166666666666,0.036458333333333336,0.0484375,0.014322916666666666,0.05572916666666668,17.625,0.8794326241134752
ChroniclingAmerica,1905,12.4375,1.6875,1.375,6.3125,29.75,0.020833333333333332,240,0.05182291666666667,0.00703125,0.005729166666666666,0.026302083333333334,0.12395833333333334,0.04479166666666667,14.125,0.8805309734513275
ChroniclingAmerica,1906,9.75,0.625,1.5,14.5,3.5625,0.016666666666666666,240,0.040625,0.0026041666666666665,0.00625,0.06041666666666667,0.01484375,0.03802083333333334,10.375,0.9397590361445783
ChroniclingAmerica,1907,2.625,0.0,20.9375,16.375,0.9375,0.004166666666666667,240,0.0109375,0.0,0.08723958333333333,0.06822916666666666,0.00390625,0.0109375,2.625,1.0
ChroniclingAmerica,1908,5.375,2.0,12.875,19.9375,0.0,0.025,240,0.022395833333333334,0.008333333333333333,0.05364583333333333,0.08307291666666666,0.0,0.0140625,7.375,0.7288135593220338
ChroniclingAmerica,1909,21.875,0.8125,8.1875,9.875,0.0,0.0375,240,0.09114583333333333,0.0033854166666666668,0.03411458333333333,0.04114583333333333,0.0,0.08776041666666666,22.6875,0.9641873278236914
ChroniclingAmerica,1910,6.4375,0.9375,7.375,6.625,8.1875,0.025,240,0.026822916666666665,0.00390625,0.030729166666666665,0.027604166666666666,0.03411458333333333,0.022916666666666665,7.375,0.8728813559322034
ChroniclingAmerica,1911,1.75,0.625,2.625,19.0625,13.125,0.008333333333333333,240,0.007291666666666667,0.0026041666666666665,0.0109375,0.07942708333333333,0.0546875,0.004687500000000001,2.375,0.7368421052631579
ChroniclingAmerica,1912,4.0,1.1875,6.1875,21.1875,4.875,0.008333333333333333,240,0.016666666666666666,0.0049479166666666664,0.02578125,0.08828125,0.0203125,0.01171875,5.1875,0.7710843373493976
ChroniclingAmerica,1913,14.75,1.5,5.8125,15.6875,4.0,0.029166666666666667,240,0.06145833333333333,0.00625,0.02421875,0.06536458333333334,0.016666666666666666,0.05520833333333333,16.25,0.9076923076923077
ChroniclingAmerica,1914,21.1875,1.625,0.0,6.0625,11.75,0.07916666666666666,240,0.08828125,0.0067708333333333336,0.0,0.025260416666666667,0.04895833333333333,0.08151041666666667,22.8125,0.9287671232876712
ChroniclingAmerica,1915,2.75,13.8125,29.0,34.1875,10.8125,-0.0125,240,0.011458333333333333,0.05755208333333333,0.12083333333333333,0.14244791666666667,0.04505208333333333,-0.046093749999999996,16.5625,0.1660377358490566
ChroniclingAmerica,1916,1.625,2.875,14.1875,28.3125,0.0,0.0,220,0.007386363636363636,0.013068181818181817,0.06448863636363636,0.12869318181818182,0.0,-0.005681818181818181,4.5,0.3611111111111111
ChroniclingAmerica,1917,6.9375,0.5,5.5625,5.125,0.0,0.008333333333333333,240,0.02890625,0.0020833333333333333,0.023177083333333334,0.021354166666666667,0.0,0.02682291666666667,7.4375,0.9327731092436975
ChroniclingAmerica,1918,82.6875,3.25,1.125,58.875,16.1875,0.1125,240,0.34453125,0.013541666666666667,0.0046875,0.2453125,0.06744791666666666,0.33098958333333334,85.9375,0.9621818181818181
ChroniclingAmerica,1919,93.375,0.1875,2.0625,10.875,4.1875,0.12916666666666668,240,0.3890625,0.00078125,0.00859375,0.0453125,0.017447916666666667,0.38828124999999997,93.5625,0.9979959919839679
ChroniclingAmerica,1920,18.75,2.5625,8.6875,22.6875,0.0,0.025,240,0.078125,0.010677083333333334,0.03619791666666667,0.09453125,0.0,0.06744791666666666,21.3125,0.8797653958944281
ChroniclingAmerica,1921,56.0625,1.3125,7.0,10.875,5.125,0.06666666666666667,240,0.23359375,0.00546875,0.029166666666666667,0.0453125,0.021354166666666667,0.228125,57.375,0.9771241830065359
ChroniclingAmerica,1922,23.6875,9.0625,11.875,6.625,7.4375,0.029166666666666667,240,0.09869791666666666,0.037760416666666664,0.049479166666666664,0.027604166666666666,0.030989583333333334,0.0609375,32.75,0.7232824427480916
ChroniclingAmerica,1923,9.375,0.0,4.8125,6.25,0.1875,0.016666666666666666,240,0.0390625,0.0,0.020052083333333335,0.026041666666666668,0.00078125,0.0390625,9.375,1.0
ChroniclingAmerica,1924,1.0,0.0,3.125,5.875,2.0625,0.004166666666666667,240,0.004166666666666667,0.0,0.013020833333333334,0.024479166666666666,0.00859375,0.004166666666666667,1.0,1.0
ChroniclingAmerica,1925,36.9375,0.4375,1.75,34.375,1.5,0.04583333333333333,240,0.15390625,0.0018229166666666667,0.007291666666666667,0.14322916666666666,0.00625,0.15208333333333332,37.375,0.9882943143812709
ChroniclingAmerica,1926,19.875,1.9375,2.3125,15.3125,2.6875,0.031818181818181815,220,0.0903409090909091,0.008806818181818181,0.010511363636363636,0.06960227272727272,0.012215909090909092,0.08153409090909092,21.8125,0.9111747851002865
ChroniclingAmerica,1927,5.875,0.0,0.9375,4.9375,0.25,0.0125,240,0.024479166666666666,0.0,0.00390625,0.020572916666666666,0.0010416666666666667,0.024479166666666666,5.875,1.0
ChroniclingAmerica,1928,8.5625,0.875,2.8125,14.9375,5.4375,0.020833333333333332,240,0.03567708333333333,0.0036458333333333334,0.01171875,0.062239583333333334,0.02265625,0.03203125,9.4375,0.9072847682119205
ChroniclingAmerica,1929,22.25,0.0,0.0,4.9375,4.9375,0.0625,240,0.09270833333333334,0.0,0.0,0.020572916666666666,0.020572916666666666,0.09270833333333334,22.25,1.0
ChroniclingAmerica,1930,22.875,0.4375,2.75,34.0625,2.875,0.04583333333333333,240,0.0953125,0.0018229166666666667,0.011458333333333333,0.14192708333333334,0.011979166666666667,0.09348958333333333,23.3125,0.9812332439678284
ChroniclingAmerica,1931,17.1875,0.0,0.625,14.0,0.0,0.029166666666666667,240,0.07161458333333333,0.0,0.0026041666666666665,0.058333333333333334,0.0,0.07161458333333333,17.1875,1.0
ChroniclingAmerica,1932,12.9375,0.0,0.5,4.625,0.125,0.020833333333333332,240,0.05390625,0.0,0.0020833333333333333,0.019270833333333334,0.0005208333333333333,0.05390625,12.9375,1.0
ChroniclingAmerica,1933,5.5625,0.9375,0.9375,1.8125,2.125,0.0125,240,0.023177083333333334,0.00390625,0.00390625,0.007552083333333333,0.008854166666666666,0.019270833333333334,6.5,0.8557692307692307
ChroniclingAmerica,1934,3.1875,0.8125,1.6875,4.125,5.4375,0.016666666666666666,240,0.01328125,0.0033854166666666668,0.00703125,0.0171875,0.02265625,0.009895833333333333,4.0,0.796875
ChroniclingAmerica,1935,22.1875,0.0,1.25,34.6875,0.0,0.0375,240,0.09244791666666667,0.0,0.005208333333333333,0.14453125,0.0,0.09244791666666667,22.1875,1.0
ChroniclingAmerica,1936,10.6875,1.25,0.6875,9.75,0.125,0.016666666666666666,240,0.04453125,0.005208333333333333,0.002864583333333333,0.040625,0.0005208333333333333,0.039322916666666666,11.9375,0.8952879581151832
ChroniclingAmerica,1937,9.1875,0.0,0.8125,5.75,6.4375,0.02727272727272727,220,0.04176136363636364,0.0,0.003693181818181818,0.026136363636363635,0.029261363636363637,0.04176136363636364,9.1875,1.0
ChroniclingAmerica,1938,17.875,1.75,0.375,10.875,7.5625,0.041666666666666664,240,0.07447916666666667,0.007291666666666667,0.0015625,0.0453125,0.031510416666666666,0.0671875,19.625,0.910828025477707
ChroniclingAmerica,1939,8.75,0.0625,6.125,5.25,4.9375,0.0125,240,0.036458333333333336,0.00026041666666666666,0.025520833333333333,0.021875,0.020572916666666666,0.03619791666666667,8.8125,0.9929078014184397
ChroniclingAmerica,1940,27.3125,0.5625,1.8125,9.5,0.0,0.04583333333333333,240,0.11380208333333333,0.00234375,0.007552083333333333,0.03958333333333333,0.0,0.11145833333333333,27.875,0.9798206278026906
ChroniclingAmerica,1941,41.6875,2.9375,0.4375,22.375,4.375,0.05,240,0.17369791666666667,0.012239583333333333,0.0018229166666666667,0.09322916666666667,0.018229166666666668,0.16145833333333334,44.625,0.9341736694677871
ChroniclingAmerica,1942,14.625,2.0625,0.0,6.5,1.8125,0.029166666666666667,240,0.0609375,0.00859375,0.0,0.027083333333333334,0.007552083333333333,0.052343749999999994,16.6875,0.8764044943820225
ChroniclingAmerica,1943,9.6875,0.8125,0.875,4.75,3.0625,0.041666666666666664,240,0.040364583333333336,0.0033854166666666668,0.0036458333333333334,0.019791666666666666,0.012760416666666666,0.03697916666666667,10.5,0.9226190476190477
ChroniclingAmerica,1944,20.1875,0.0,4.875,3.5625,0.25,0.05,240,0.08411458333333334,0.0,0.0203125,0.01484375,0.0010416666666666667,0.08411458333333334,20.1875,1.0
ChroniclingAmerica,1945,21.6875,3.625,0.0,22.9375,0.0,0.0375,240,0.09036458333333333,0.015104166666666667,0.0,0.09557291666666666,0.0,0.07526041666666666,25.3125,0.8567901234567902
ChroniclingAmerica,1946,10.125,4.25,6.75,5.3125,6.0625,0.008333333333333333,240,0.0421875,0.017708333333333333,0.028125,0.022135416666666668,0.025260416666666667,0.02447916666666667,14.375,0.7043478260869566
ChroniclingAmerica,1947,6.0625,0.0,3.3125,20.625,0.1875,0.025,240,0.025260416666666667,0.0,0.013802083333333333,0.0859375,0.00078125,0.025260416666666667,6.0625,1.0
ChroniclingAmerica,1948,9.9375,0.9375,1.3125,10.8125,3.5,0.0125,240,0.04140625,0.00390625,0.00546875,0.04505208333333333,0.014583333333333334,0.0375,10.875,0.9137931034482759
ChroniclingAmerica,1949,2.1875,0.0,0.5625,2.8125,0.0,0.008333333333333333,240,0.009114583333333334,0.0,0.00234375,0.01171875,0.0,0.009114583333333334,2.1875,1.0
ChroniclingAmerica,1950,1.3125,0.125,0.0,1.5,0.6875,0.004166666666666667,240,0.00546875,0.0005208333333333333,0.0,0.00625,0.002864583333333333,0.0049479166666666664,1.4375,0.9130434782608695
ChroniclingAmerica,1951,4.125,3.5625,1.6875,4.4375,19.375,-0.004166666666666667,240,0.0171875,0.01484375,0.00703125,0.018489583333333334,0.08072916666666667,0.002343750000000002,7.6875,0.5365853658536586
ChroniclingAmerica,1952,7.0625,3.0625,1.0,13.625,5.0,0.0,240,0.029427083333333333,0.012760416666666666,0.004166666666666667,0.05677083333333333,0.020833333333333332,0.016666666666666666,10.125,0.6975308641975309
ChroniclingAmerica,1953,3.375,0.9375,0.0,4.9375,0.25,0.016666666666666666,240,0.0140625,0.00390625,0.0,0.020572916666666666,0.0010416666666666667,0.01015625,4.3125,0.782608695652174
ChroniclingAmerica,1954,0.0,0.125,0.0625,0.0,0.875,-0.004166666666666667,240,0.0,0.0005208333333333333,0.00026041666666666666,0.0,0.0036458333333333334,-0.0005208333333333333,0.125,0.0
ChroniclingAmerica,1955,3.0625,3.1875,1.4375,0.625,4.25,0.004166666666666667,240,0.012760416666666666,0.01328125,0.005989583333333334,0.0026041666666666665,0.017708333333333333,-0.0005208333333333332,6.25,0.49
ChroniclingAmerica,1956,11.0,3.625,5.0,4.3125,0.4375,0.0,240,0.04583333333333333,0.015104166666666667,0.020833333333333332,0.01796875,0.0018229166666666667,0.03072916666666666,14.625,0.7521367521367521
ChroniclingAmerica,1957,11.25,0.0,0.9375,4.875,9.0,0.029411764705882353,238,0.04726890756302521,0.0,0.003939075630252101,0.020483193277310924,0.037815126050420166,0.04726890756302521,11.25,1.0
ChroniclingAmerica,1958,3.25,1.0,1.625,4.75,2.125,0.016666666666666666,240,0.013541666666666667,0.004166666666666667,0.0067708333333333336,0.019791666666666666,0.008854166666666666,0.009375000000000001,4.25,0.7647058823529411
ChroniclingAmerica,1959,4.6875,1.5,1.4375,1.3125,0.75,0.0125,240,0.01953125,0.00625,0.005989583333333334,0.00546875,0.003125,0.01328125,6.1875,0.7575757575757576
ChroniclingAmerica,1960,7.875,1.625,1.625,12.8125,3.0,0.03333333333333333,240,0.0328125,0.0067708333333333336,0.0067708333333333336,0.053385416666666664,0.0125,0.026041666666666668,9.5,0.8289473684210527
ChroniclingAmerica,1961,4.25,1.3125,2.5,3.5,3.3125,0.0211864406779661,236,0.018008474576271187,0.005561440677966102,0.01059322033898305,0.014830508474576272,0.014036016949152543,0.012447033898305086,5.5625,0.7640449438202247
ChroniclingAmerica,1962,5.8125,0.0,0.75,3.6875,3.375,0.025,240,0.02421875,0.0,0.003125,0.015364583333333333,0.0140625,0.02421875,5.8125,1.0
ChroniclingAmerica,1963,2.1875,2.375,1.6875,5.0,1.1875,-0.004166666666666667,240,0.009114583333333334,0.009895833333333333,0.00703125,0.020833333333333332,0.0049479166666666664,-0.000781249999999999,4.5625,0.4794520547945205
NYT,1880,6.5625,1.8125,0.0,6.75,14.625,0.1935483870967742,31,0.21169354838709678,0.05846774193548387,0.0,0.21774193548387097,0.4717741935483871,0.1532258064516129,8.375,0.7835820895522388
NYT,1881,18.4375,0.0,0.0,12.875,19.5625,0.3191489361702128,47,0.39228723404255317,0.0,0.0,0.27393617021276595,0.4162234042553192,0.39228723404255317,18.4375,1.0
NYT,1882,7.0,0.9375,0.0,26.375,6.5625,0.22727272727272727,22,0.3181818181818182,0.04261363636363636,0.0,1.1988636363636365,0.29829545454545453,0.2755681818181818,7.9375,0.8818897637795275
NYT,1883,11.6875,0.9375,0.0,13.9375,19.375,0.20833333333333334,48,0.24348958333333334,0.01953125,0.0,0.2903645833333333,0.4036458333333333,0.22395833333333334,12.625,0.9257425742574258
NYT,1884,0.875,0.0,0.9375,1.8125,7.0,0.058823529411764705,17,0.051470588235294115,0.0,0.05514705882352941,0.10661764705882353,0.4117647058823529,0.051470588235294115,0.875,1.0
NYT,1885,4.6875,0.0,0.0,2.9375,2.8125,0.38461538461538464,13,0.3605769230769231,0.0,0.0,0.22596153846153846,0.21634615384615385,0.3605769230769231,4.6875,1.0
NYT,1886,2.8125,0.0,1.625,6.4375,9.375,0.13636363636363635,22,0.1278409090909091,0.0,0.07386363636363637,0.29261363636363635,0.42613636363636365,0.1278409090909091,2.8125,1.0
NYT,1887,5.0625,0.0,6.625,28.25,25.3125,0.09090909090909091,33,0.1534090909090909,0.0,0.20075757575757575,0.8560606060606061,0.7670454545454546,0.1534090909090909,5.0625,1.0
NYT,1888,7.3125,0.0,5.125,3.4375,16.0625,0.25,28,0.2611607142857143,0.0,0.18303571428571427,0.12276785714285714,0.5736607142857143,0.2611607142857143,7.3125,1.0
NYT,1889,4.1875,0.0,0.875,12.25,20.0625,0.19230769230769232,26,0.16105769230769232,0.0,0.03365384615384615,0.47115384615384615,0.7716346153846154,0.16105769230769232,4.1875,1.0
NYT,1890,11.625,0.0,4.9375,15.25,14.25,0.2647058823529412,34,0.34191176470588236,0.0,0.14522058823529413,0.4485294117647059,0.41911764705882354,0.34191176470588236,11.625,1.0
NYT,1891,12.3125,0.0,0.875,9.5625,13.3125,0.23076923076923078,26,0.4735576923076923,0.0,0.03365384615384615,0.36778846153846156,0.5120192307692307,0.4735576923076923,12.3125,1.0
NYT,1892,6.4375,0.1875,3.375,13.0,11.75,0.21212121212121213,33,0.19507575757575757,0.005681818181818182,0.10227272727272728,0.3939393939393939,0.3560606060606061,0.1893939393939394,6.625,0.9716981132075472
NYT,1893,11.125,0.9375,3.1875,7.5625,6.125,0.27586206896551724,29,0.38362068965517243,0.032327586206896554,0.10991379310344827,0.2607758620689655,0.21120689655172414,0.35129310344827586,12.0625,0.9222797927461139
NYT,1894,12.5,1.875,18.5625,23.5,5.6875,0.24,25,0.5,0.075,0.7425,0.94,0.2275,0.425,14.375,0.8695652173913043
NYT,1895,13.1875,0.3125,0.9375,5.9375,6.1875,0.4074074074074074,27,0.48842592592592593,0.011574074074074073,0.034722222222222224,0.2199074074074074,0.22916666666666666,0.47685185185185186,13.5,0.9768518518518519
NYT,1896,9.625,0.0,8.8125,16.0,8.125,0.25925925925925924,27,0.35648148148148145,0.0,0.3263888888888889,0.5925925925925926,0.30092592592592593,0.35648148148148145,9.625,1.0
NYT,1897,29.5625,0.0,2.125,5.5625,9.0625,0.43243243243243246,37,0.7989864864864865,0.0,0.057432432432432436,0.15033783783783783,0.24493243243243243,0.7989864864864865,29.5625,1.0
NYT,1898,17.5625,1.25,11.75,15.6875,5.8125,0.32,25,0.7025,0.05,0.47,0.6275,0.2325,0.6525,18.8125,0.9335548172757475
NYT,1899,7.25,0.0,1.75,2.8125,4.25,0.4,20,0.3625,0.0,0.0875,0.140625,0.2125,0.3625,7.25,1.0
NYT,1900,3.625,0.0,12.75,15.4375,13.0625,0.03875968992248062,129,0.02810077519379845,0.0,0.09883720930232558,0.11967054263565892,0.10125968992248062,0.02810077519379845,3.625,1.0
NYT,1901,9.0625,0.0,3.8125,7.9375,37.3125,0.03755868544600939,213,0.042546948356807515,0.0,0.01789906103286385,0.03726525821596244,0.17517605633802816,0.042546948356807515,9.0625,1.0
NYT,1902,2.75,0.0,0.0,2.625,34.8125,0.020512820512820513,195,0.014102564102564103,0.0,0.0,0.013461538461538462,0.17852564102564103,0.014102564102564103,2.75,1.0
NYT,1903,4.125,0.0,0.9375,1.875,1.375,0.03389830508474576,118,0.034957627118644065,0.0,0.007944915254237288,0.015889830508474576,0.011652542372881356,0.034957627118644065,4.125,1.0
NYT,1904,9.375,0.0,0.8125,5.625,5.6875,0.04938271604938271,162,0.05787037037037037,0.0,0.005015432098765432,0.034722222222222224,0.03510802469135803,0.05787037037037037,9.375,1.0
NYT,1905,3.375,1.125,0.0,1.9375,5.5,0.030303030303030304,99,0.03409090909090909,0.011363636363636364,0.0,0.019570707070707072,0.05555555555555555,0.022727272727272724,4.5,0.75
NYT,1906,0.0,0.0,0.8125,1.5,2.6875,0.0,75,0.0,0.0,0.010833333333333334,0.02,0.035833333333333335,0.0,0.0,
NYT,1907,2.4375,0.0,1.8125,4.8125,0.0,0.03125,96,0.025390625,0.0,0.018880208333333332,0.050130208333333336,0.0,0.025390625,2.4375,1.0
NYT,1908,5.5,0.0,0.0,3.625,1.875,0.05102040816326531,98,0.05612244897959184,0.0,0.0,0.036989795918367346,0.01913265306122449,0.05612244897959184,5.5,1.0
NYT,1909,3.1875,0.0,0.0,3.5,0.0,0.03260869565217391,92,0.034646739130434784,0.0,0.0,0.03804347826086957,0.0,0.034646739130434784,3.1875,1.0
NYT,1910,8.375,0.4375,0.9375,9.125,0.5,0.03773584905660377,106,0.07900943396226415,0.004127358490566038,0.00884433962264151,0.08608490566037735,0.0047169811320754715,0.0748820754716981,8.8125,0.950354609929078
NYT,1911,1.8125,0.0,7.75,7.0625,0.9375,0.016,125,0.0145,0.0,0.062,0.0565,0.0075,0.0145,1.8125,1.0
NYT,1912,0.1875,0.4375,0.875,1.0,0.0,-0.007246376811594203,138,0.001358695652173913,0.003170289855072464,0.006340579710144928,0.007246376811594203,0.0,-0.001811594202898551,0.625,0.3
NYT,1913,5.125,0.0,0.0,0.875,0.0,0.02142857142857143,140,0.03660714285714286,0.0,0.0,0.00625,0.0,0.03660714285714286,5.125,1.0
NYT,1914,19.125,1.5625,0.625,7.3125,5.1875,0.05185185185185185,135,0.14166666666666666,0.011574074074074073,0.004629629629629629,0.05416666666666667,0.038425925925925926,0.1300925925925926,20.6875,0.9244712990936556
NYT,1915,13.3125,0.0,0.0,3.0,0.0,0.02702702702702703,111,0.11993243243243243,0.0,0.0,0.02702702702702703,0.0,0.11993243243243243,13.3125,1.0
NYT,1916,8.9375,0.0,20.8125,12.3125,1.625,0.03571428571428571,84,0.10639880952380952,0.0,0.24776785714285715,0.14657738095238096,0.019345238095238096,0.10639880952380952,8.9375,1.0
NYT,1917,10.875,0.3125,0.0,2.25,0.0,0.07692307692307693,78,0.13942307692307693,0.004006410256410256,0.0,0.028846153846153848,0.0,0.13541666666666669,11.1875,0.9720670391061452
NYT,1918,30.125,0.3125,0.0,11.6875,0.375,0.11504424778761062,113,0.2665929203539823,0.0027654867256637168,0.0,0.103429203539823,0.00331858407079646,0.26382743362831856,30.4375,0.9897330595482546
NYT,1919,28.0625,0.0,2.1875,5.0625,0.0,0.11458333333333333,96,0.2923177083333333,0.0,0.022786458333333332,0.052734375,0.0,0.2923177083333333,28.0625,1.0
NYT,1920,3.1875,0.0,2.375,5.75,3.3125,0.05063291139240506,79,0.040348101265822785,0.0,0.030063291139240507,0.07278481012658228,0.041930379746835444,0.040348101265822785,3.1875,1.0
NYT,1921,6.9375,0.0,0.0,4.5,4.5,0.08181818181818182,110,0.06306818181818181,0.0,0.0,0.04090909090909091,0.04090909090909091,0.06306818181818181,6.9375,1.0
NYT,1922,7.625,1.5,2.8125,10.5625,0.75,0.04895104895104895,143,0.05332167832167832,0.01048951048951049,0.019667832167832168,0.07386363636363637,0.005244755244755245,0.04283216783216783,9.125,0.8356164383561644
NYT,1923,16.125,2.1875,0.0,9.0625,4.0,0.008849557522123894,113,0.1426991150442478,0.019358407079646017,0.0,0.08019911504424779,0.035398230088495575,0.12334070796460177,18.3125,0.8805460750853242
NYT,1924,13.125,0.0,0.0,19.125,7.625,0.041666666666666664,144,0.09114583333333333,0.0,0.0,0.1328125,0.05295138888888889,0.09114583333333333,13.125,1.0
NYT,1925,14.625,7.6875,0.1875,11.5,8.75,0.017142857142857144,175,0.08357142857142857,0.04392857142857143,0.0010714285714285715,0.06571428571428571,0.05,0.039642857142857146,22.3125,0.6554621848739496
NYT,1926,34.9375,0.0,0.0,17.4375,3.875,0.08247422680412371,194,0.180090206185567,0.0,0.0,0.0898840206185567,0.01997422680412371,0.180090206185567,34.9375,1.0
NYT,1927,38.6875,1.125,3.3125,16.875,6.4375,0.05235602094240838,191,0.2025523560209424,0.0058900523560209425,0.017342931937172776,0.08835078534031414,0.03370418848167539,0.19666230366492146,39.8125,0.9717425431711146
NYT,1928,37.875,0.5625,0.875,16.75,11.25,0.06435643564356436,202,0.1875,0.0027846534653465345,0.004331683168316832,0.08292079207920793,0.055693069306930694,0.18471534653465346,38.4375,0.9853658536585366
NYT,1929,82.0,0.0,1.6875,36.0,3.8125,0.10126582278481013,237,0.3459915611814346,0.0,0.007120253164556962,0.1518987341772152,0.01608649789029536,0.3459915611814346,82.0,1.0
NYT,1930,48.5625,0.9375,1.4375,26.375,22.875,0.0657439446366782,289,0.1680363321799308,0.0032439446366782005,0.004974048442906574,0.09126297577854671,0.0791522491349481,0.1647923875432526,49.5,0.9810606060606061
NYT,1931,85.875,6.875,4.375,35.875,5.75,0.05555555555555555,396,0.2168560606060606,0.017361111111111112,0.011047979797979798,0.09059343434343434,0.01452020202020202,0.1994949494949495,92.75,0.9258760107816711
NYT,1932,32.1875,1.125,1.5,8.1875,1.5,0.04411764705882353,204,0.15778186274509803,0.0055147058823529415,0.007352941176470588,0.04013480392156863,0.007352941176470588,0.15226715686274508,33.3125,0.9662288930581614
NYT,1933,14.5625,1.75,0.0,3.875,3.875,0.0213903743315508,187,0.07787433155080214,0.009358288770053475,0.0,0.02072192513368984,0.02072192513368984,0.06851604278074867,16.3125,0.89272030651341
NYT,1934,32.125,0.0,3.5,26.4375,3.5,0.0425531914893617,141,0.22783687943262412,0.0,0.024822695035460994,0.1875,0.024822695035460994,0.22783687943262412,32.125,1.0
NYT,1935,91.25,6.0625,5.25,46.4375,10.375,0.1,170,0.5367647058823529,0.03566176470588235,0.030882352941176472,0.2731617647058823,0.06102941176470588,0.5011029411764706,97.3125,0.9377007064868337
NYT,1936,63.4375,1.625,0.9375,12.1875,2.3125,0.05389221556886228,167,0.37986526946107785,0.009730538922155689,0.00561377245508982,0.07297904191616766,0.013847305389221557,0.37013473053892215,65.0625,0.9750240153698367
NYT,1937,57.3125,6.9375,0.0,15.9375,16.6875,0.06918238993710692,159,0.3604559748427673,0.04363207547169811,0.0,0.10023584905660378,0.10495283018867925,0.3168238993710692,64.25,0.892023346303502
NYT,1938,52.1875,4.3125,0.0,17.125,4.0625,0.08074534161490683,161,0.32414596273291924,0.026785714285714284,0.0,0.1063664596273292,0.025232919254658384,0.29736024844720493,56.5,0.9236725663716814
NYT,1939,35.5625,8.5,1.0625,15.5,9.625,0.053475935828877004,187,0.19017379679144386,0.045454545454545456,0.005681818181818182,0.08288770053475936,0.051470588235294115,0.1447192513368984,44.0625,0.8070921985815603
NYT,1940,25.5625,0.0,3.5,28.0,2.3125,0.08280254777070063,157,0.16281847133757962,0.0,0.022292993630573247,0.17834394904458598,0.014729299363057325,0.16281847133757962,25.5625,1.0
NYT,1941,105.125,6.4375,0.0,19.125,2.625,0.1165644171779141,163,0.6449386503067485,0.03949386503067485,0.0,0.11733128834355828,0.016104294478527608,0.6054447852760736,111.5625,0.942296918767507
NYT,1942,30.125,0.0,0.875,13.6875,10.4375,0.09243697478991597,119,0.25315126050420167,0.0,0.007352941176470588,0.11502100840336134,0.08771008403361344,0.25315126050420167,30.125,1.0
NYT,1943,53.5,3.375,1.4375,9.0,0.0,0.14285714285714285,77,0.6948051948051948,0.04383116883116883,0.018668831168831168,0.11688311688311688,0.0,0.650974025974026,56.875,0.9406593406593406
NYT,1944,22.25,9.0625,5.6875,7.5,14.375,-0.011764705882352941,85,0.26176470588235295,0.10661764705882353,0.06691176470588235,0.08823529411764706,0.16911764705882354,0.15514705882352942,31.3125,0.7105788423153693
NYT,1945,17.8125,2.3125,0.0,4.6875,7.0625,0.07058823529411765,85,0.20955882352941177,0.027205882352941177,0.0,0.05514705882352941,0.08308823529411764,0.1823529411764706,20.125,0.8850931677018633
NYT,1946,26.1875,0.75,2.375,5.25,0.0,0.037037037037037035,108,0.24247685185185186,0.006944444444444444,0.02199074074074074,0.04861111111111111,0.0,0.2355324074074074,26.9375,0.9721577726218097
NYT,1947,26.9375,1.375,0.0,3.0625,0.0,0.03333333333333333,120,0.22447916666666667,0.011458333333333333,0.0,0.025520833333333333,0.0,0.21302083333333335,28.3125,0.9514348785871964
NYT,1948,16.3125,0.0,0.0,1.375,4.0625,0.056910569105691054,123,0.1326219512195122,0.0,0.0,0.011178861788617886,0.033028455284552845,0.1326219512195122,16.3125,1.0
NYT,1949,34.5625,0.0,0.875,5.0625,1.9375,0.05343511450381679,131,0.26383587786259544,0.0,0.006679389312977099,0.03864503816793893,0.014790076335877863,0.26383587786259544,34.5625,1.0
NYT,1950,19.0,0.8125,0.0,15.25,0.125,0.04672897196261682,107,0.17757009345794392,0.007593457943925234,0.0,0.1425233644859813,0.0011682242990654205,0.16997663551401868,19.8125,0.9589905362776026
NYT,1951,2.0,4.375,0.0,12.375,3.6875,0.0,145,0.013793103448275862,0.03017241379310345,0.0,0.0853448275862069,0.02543103448275862,-0.016379310344827588,6.375,0.3137254901960784
NYT,1952,1.875,0.6875,3.5,1.625,0.0,0.007936507936507936,126,0.01488095238095238,0.005456349206349206,0.027777777777777776,0.012896825396825396,0.0,0.009424603174603174,2.5625,0.7317073170731707
NYT,1953,19.0,0.625,5.5625,5.375,5.6875,0.05128205128205128,156,0.12179487179487179,0.004006410256410256,0.03565705128205128,0.03445512820512821,0.036458333333333336,0.11778846153846154,19.625,0.9681528662420382
NYT,1954,10.625,1.375,0.0,10.3125,0.0,0.023622047244094488,127,0.08366141732283465,0.010826771653543307,0.0,0.0812007874015748,0.0,0.07283464566929135,12.0,0.8854166666666666
NYT,1955,1.0,0.0,0.6875,2.1875,8.6875,0.01680672268907563,119,0.008403361344537815,0.0,0.005777310924369748,0.01838235294117647,0.07300420168067227,0.008403361344537815,1.0,1.0
NYT,1956,11.6875,1.375,0.0,3.125,8.4375,0.022388059701492536,134,0.08722014925373134,0.010261194029850746,0.0,0.02332089552238806,0.06296641791044776,0.07695895522388059,13.0625,0.8947368421052632
NYT,1957,18.4375,2.375,1.6875,16.375,0.8125,0.020689655172413793,145,0.1271551724137931,0.016379310344827588,0.01163793103448276,0.11293103448275862,0.005603448275862069,0.1107758620689655,20.8125,0.8858858858858859
NYT,1958,3.625,0.0,0.0,0.0,4.0,0.01680672268907563,119,0.03046218487394958,0.0,0.0,0.0,0.03361344537815126,0.03046218487394958,3.625,1.0
NYT,1959,6.5,0.5,8.0625,2.1875,2.0,0.01818181818181818,110,0.05909090909090909,0.004545454545454545,0.07329545454545454,0.019886363636363636,0.01818181818181818,0.05454545454545454,7.0,0.9285714285714286
NYT,1960,19.9375,5.3125,0.0,5.125,0.0,-0.01652892561983471,121,0.16477272727272727,0.04390495867768595,0.0,0.042355371900826444,0.0,0.12086776859504131,25.25,0.7896039603960396
NYT,1961,5.75,6.1875,0.5,0.0,3.5625,-0.021052631578947368,95,0.060526315789473685,0.06513157894736842,0.005263157894736842,0.0,0.0375,-0.00460526315789473,11.9375,0.4816753926701571
NYT,1962,1.3125,1.1875,0.0,2.25,2.8125,-0.008547008547008548,117,0.011217948717948718,0.01014957264957265,0.0,0.019230769230769232,0.02403846153846154,0.001068376068376068,2.5,0.525
NYT,1963,5.375,12.125,2.8125,1.75,3.125,-0.017241379310344827,116,0.04633620689655173,0.10452586206896551,0.024245689655172414,0.015086206896551725,0.02693965517241379,-0.058189655172413784,17.5,0.30714285714285716
NYT,1964,4.5625,3.5,0.0,4.0,3.4375,-0.00909090909090909,110,0.04147727272727273,0.031818181818181815,0.0,0.03636363636363636,0.03125,0.009659090909090916,8.0625,0.5658914728682171
NYT,1965,0.0,2.125,0.0,0.0,1.8125,-0.022988505747126436,87,0.0,0.02442528735632184,0.0,0.0,0.020833333333333332,-0.02442528735632184,2.125,0.0
NYT,1966,0.0,0.0,0.0,0.0,0.0,0.0,108,0.0,0.0,0.0,0.0,0.0,0.0,0.0,
NYT,1967,0.75,0.0,0.0,0.0,1.9375,0.010638297872340425,94,0.007978723404255319,0.0,0.0,0.0,0.020611702127659573,0.007978723404255319,0.75,1.0
NYT,1968,0.0,0.0,0.0,0.0,0.0,0.0,89,0.0,0.0,0.0,0.0,0.0,0.0,0.0,
NYT,1969,0.0,2.1875,0.0,0.375,0.5,-0.01,100,0.0,0.021875,0.0,0.00375,0.005,-0.021875,2.1875,0.0
NYT,1970,1.875,0.0,0.0,0.0,5.9375,0.00980392156862745,102,0.01838235294117647,0.0,0.0,0.0,0.05821078431372549,0.01838235294117647,1.875,1.0
NYT,1971,0.0,0.0,0.0,0.875,0.0,0.0,111,0.0,0.0,0.0,0.007882882882882882,0.0,0.0,0.0,
NYT,1972,11.3125,0.0,0.0,19.0,2.125,0.009009009009009009,111,0.10191441441441441,0.0,0.0,0.17117117117117117,0.019144144144144143,0.10191441441441441,11.3125,1.0
NYT,1973,7.375,6.0625,3.375,20.875,5.875,0.009009009009009009,111,0.06644144144144144,0.054617117117117114,0.030405405405405407,0.18806306306306306,0.05292792792792793,0.011824324324324328,13.4375,0.5488372093023256
NYT,1974,0.0,0.0,0.0,0.9375,0.0,0.0,104,0.0,0.0,0.0,0.009014423076923076,0.0,0.0,0.0,
NYT,1975,7.3125,1.5,0.0,0.8125,2.125,0.02654867256637168,113,0.06471238938053098,0.01327433628318584,0.0,0.007190265486725664,0.018805309734513276,0.051438053097345136,8.8125,0.8297872340425532
NYT,1976,0.0,1.5,0.375,9.8125,4.75,-0.010101010101010102,99,0.0,0.015151515151515152,0.003787878787878788,0.09911616161616162,0.047979797979797977,-0.015151515151515152,1.5,0.0
NYT,1977,6.1875,0.0,0.0,0.0,3.625,0.02912621359223301,103,0.060072815533980584,0.0,0.0,0.0,0.03519417475728155,0.060072815533980584,6.1875,1.0
NYT,1978,0.0,1.5,0.0,0.0,0.0,-0.011235955056179775,89,0.0,0.016853932584269662,0.0,0.0,0.0,-0.016853932584269662,1.5,0.0
NYT,1979,3.125,3.5,0.0,1.0,3.625,0.0,118,0.026483050847457626,0.029661016949152543,0.0,0.00847457627118644,0.03072033898305085,-0.003177966101694917,6.625,0.4716981132075472
NYT,1980,0.0,0.9375,0.6875,0.0,0.0,-0.021739130434782608,46,0.0,0.020380434782608696,0.014945652173913044,0.0,0.0,-0.020380434782608696,0.9375,0.0
NYT,1981,2.125,0.75,0.0,0.0,0.0,0.0,118,0.018008474576271187,0.006355932203389831,0.0,0.0,0.0,0.011652542372881356,2.875,0.7391304347826086
NYT,1982,2.8125,1.875,3.125,0.9375,0.0,0.008771929824561403,114,0.024671052631578948,0.01644736842105263,0.027412280701754384,0.008223684210526315,0.0,0.008223684210526317,4.6875,0.6
NYT,1983,1.875,1.75,0.0,7.0,0.0,0.0,112,0.016741071428571428,0.015625,0.0,0.0625,0.0,0.001116071428571428,3.625,0.5172413793103449
NYT,1984,1.375,2.875,3.25,1.5,0.0,-0.008620689655172414,116,0.011853448275862068,0.02478448275862069,0.028017241379310345,0.01293103448275862,0.0,-0.012931034482758622,4.25,0.3235294117647059
NYT,1985,0.0,0.0,3.0,4.0625,1.625,0.0,112,0.0,0.0,0.026785714285714284,0.03627232142857143,0.014508928571428572,0.0,0.0,
NYT,1986,0.0,0.0,0.0,0.0,0.9375,0.0,115,0.0,0.0,0.0,0.0,0.008152173913043478,0.0,0.0,
NYT,1987,0.0,0.0,1.875,0.0,0.9375,0.0,119,0.0,0.0,0.015756302521008403,0.0,0.007878151260504201,0.0,0.0,
NYT,1988,0.0,0.0,0.9375,0.0,0.0,0.0,120,0.0,0.0,0.0078125,0.0,0.0,0.0,0.0,
NYT,1989,0.0,0.0,0.0,0.0,0.0,0.0,117,0.0,0.0,0.0,0.0,0.0,0.0,0.0,
NYT,1990,0.9375,0.0,0.0,0.0,5.4375,0.009009009009009009,111,0.008445945945945946,0.0,0.0,0.0,0.048986486486486486,0.008445945945945946,0.9375,1.0
NYT,1991,0.875,0.6875,0.0,0.75,3.5625,0.0,117,0.007478632478632479,0.005876068376068376,0.0,0.00641025641025641,0.030448717948717948,0.001602564102564103,1.5625,0.56
NYT,1992,1.875,0.875,0.0,0.0,3.625,0.0,111,0.016891891891891893,0.007882882882882882,0.0,0.0,0.03265765765765766,0.00900900900900901,2.75,0.6818181818181818
NYT,1993,3.4375,4.6875,0.0,8.25,1.875,-0.008547008547008548,117,0.02938034188034188,0.04006410256410257,0.0,0.07051282051282051,0.016025641025641024,-0.010683760683760687,8.125,0.4230769230769231
NYT,1994,9.9375,0.0,0.0,0.0,0.9375,0.03636363636363636,110,0.0903409090909091,0.0,0.0,0.0,0.008522727272727272,0.0903409090909091,9.9375,1.0
NYT,1995,3.6875,2.25,0.0,2.3125,0.0,0.0,117,0.031517094017094016,0.019230769230769232,0.0,0.019764957264957264,0.0,0.012286324786324784,5.9375,0.6210526315789474
NYT,1996,6.0625,0.0,0.0,0.0,3.625,0.008695652173913044,115,0.05271739130434783,0.0,0.0,0.0,0.03152173913043478,0.05271739130434783,6.0625,1.0
NYT,1997,5.375,8.625,0.0,1.75,4.5625,-0.00847457627118644,118,0.045550847457627115,0.07309322033898305,0.0,0.014830508474576272,0.03866525423728814,-0.027542372881355935,14.0,0.38392857142857145
NYT,1998,0.9375,6.1875,0.0,0.0,0.0,0.0,120,0.0078125,0.0515625,0.0,0.0,0.0,-0.04375,7.125,0.13157894736842105
NYT,1999,11.5,2.3125,0.5625,3.0,0.0,0.00847457627118644,118,0.09745762711864407,0.019597457627118644,0.004766949152542373,0.025423728813559324,0.0,0.07786016949152542,13.8125,0.832579185520362
NYT,2000,3.6875,2.4375,0.0,4.75,0.0,0.0,117,0.031517094017094016,0.020833333333333332,0.0,0.0405982905982906,0.0,0.010683760683760684,6.125,0.6020408163265306
